{
  "DEBASEMENT_RALLY": {
    "description": "DEBASEMENT_RALLY",
    "factors": {
      "spy_roc_50": [
        -2.1874455183793207,
        2.963046417305093,
        8.43006117283542
      ],
      "tlt_roc_50": [
        -5.074335421041251,
        1.9592024893396287,
        7.084724431694077
      ],
      "iau_roc_50": [
        5.773935428343044,
        9.38312455684236,
        15.623705158591513
      ],
      "dbc_roc_50": [
        -5.203982549957784,
        5.160706201901322,
        15.259458789782638
      ],
      "vix_level": [
        8.12754320232189,
        11.737029343963556,
        16.2732012216694
      ],
      "vix_change_5": [
        -50.93877846710171,
        -6.576638750590935,
        38.57837622367607
      ],
      "vix_change_20": [
        -45.17070591117242,
        -13.037051390145148,
        44.379001317422116
      ],
      "spy_tlt_corr": [
        -0.6128265643953792,
        -0.2999920579512137,
        0.2411128388138845
      ],
      "iau_spy_corr": [
        -0.35391032634111813,
        0.03644687002863633,
        0.41584472461726985
      ],
      "spy_vs_200ema": [
        0.38198221955018785,
        5.680574938826899,
        10.151295115566281
      ]
    },
    "sample_size": 1007,
    "frequency_pct": 16.363340916477085,
    "typical_duration_days": 2
  },
  "RISK_ON_GROWTH": {
    "description": "RISK_ON_GROWTH",
    "factors": {
      "spy_roc_50": [
        -2.184211657621307,
        3.02276847962476,
        8.12753644877147
      ],
      "tlt_roc_50": [
        -6.592605532513672,
        0.1455007106787365,
        6.134098733727478
      ],
      "iau_roc_50": [
        -6.9639037904445065,
        -0.23001866767055068,
        5.635901499994426
      ],
      "dbc_roc_50": [
        -8.307750524703323,
        0.18434862354159698,
        10.02372984045469
      ],
      "vix_level": [
        7.07804708372978,
        11.063559641341335,
        16.100194021264063
      ],
      "vix_change_5": [
        -50.20742632287005,
        -6.620141539652091,
        44.72789785688017
      ],
      "vix_change_20": [
        -42.50015765774515,
        -5.437648056594641,
        54.13464179698741
      ],
      "spy_tlt_corr": [
        -0.5900866189063501,
        -0.18302889194440242,
        0.2313085140675002
      ],
      "iau_spy_corr": [
        -0.2744342376065646,
        0.0134242895646988,
        0.410235707354448
      ],
      "spy_vs_200ema": [
        0.8281902427644774,
        5.900086531555537,
        10.028092496487849
      ]
    },
    "sample_size": 2602,
    "frequency_pct": 42.281442963925905,
    "typical_duration_days": 3
  },
  "CHOPPY_TRANSITIONAL": {
    "description": "CHOPPY_TRANSITIONAL",
    "factors": {
      "spy_roc_50": [
        -9.049298126685839,
        -1.0404978067938386,
        7.546195106390023
      ],
      "tlt_roc_50": [
        -5.828579421138342,
        0.7593667168135365,
        7.997008796347099
      ],
      "iau_roc_50": [
        -5.7752061879274645,
        3.48742903487429,
        13.416087388282028
      ],
      "dbc_roc_50": [
        -13.043203634751848,
        0.36883356385430943,
        18.51580252159365
      ],
      "vix_level": [
        18.475297661424207,
        20.710560337494037,
        23.824700841925868
      ],
      "vix_change_5": [
        -46.08193667181145,
        -7.019552260282602,
        33.208473015406206
      ],
      "vix_change_20": [
        -30.826628854875356,
        8.937592888659696,
        98.74118360407418
      ],
      "spy_tlt_corr": [
        -0.709928165020243,
        -0.39393406605301573,
        -0.008429641405387248
      ],
      "iau_spy_corr": [
        -0.438644721458756,
        -0.08335536321885428,
        0.40669288252097224
      ],
      "spy_vs_200ema": [
        -7.956172984263811,
        -0.7449545176151928,
        7.438345108060012
      ]
    },
    "sample_size": 1015,
    "frequency_pct": 16.493337666558336,
    "typical_duration_days": 8
  },
  "RISK_OFF_LIQUIDATION": {
    "description": "RISK_OFF_LIQUIDATION",
    "factors": {
      "spy_roc_50": [
        -18.431354587967242,
        -3.999309471745882,
        11.943658905958014
      ],
      "tlt_roc_50": [
        -13.542789709260166,
        -1.190053285968018,
        3.5041890402298304
      ],
      "iau_roc_50": [
        -7.9044728416023435,
        -0.5104811556424504,
        8.185519355742285
      ],
      "dbc_roc_50": [
        -15.428140638349273,
        0.13239187996469948,
        16.01959213172449
      ],
      "vix_level": [
        26.086182104372106,
        29.720924183831908,
        44.93037126311709
      ],
      "vix_change_5": [
        -49.05346919928205,
        -7.790180602841845,
        48.26140592604083
      ],
      "vix_change_20": [
        -14.506818492556365,
        25.372640169179284,
        119.98360762274892
      ],
      "spy_tlt_corr": [
        -0.6960822937560832,
        -0.4203125919438087,
        0.16064787278399473
      ],
      "iau_spy_corr": [
        -0.3994846250296824,
        -0.1015983375193168,
        0.5646521707665659
      ],
      "spy_vs_200ema": [
        -20.950530059867813,
        -6.556451963632293,
        3.4788138378931817
      ]
    },
    "sample_size": 389,
    "frequency_pct": 6.321091972700682,
    "typical_duration_days": 3
  },
  "RISK_OFF_STAGFLATION": {
    "description": "RISK_OFF_STAGFLATION",
    "factors": {
      "spy_roc_50": [
        -15.166092717061701,
        -10.775623880992901,
        -5.9494688423229025
      ],
      "tlt_roc_50": [
        -9.14770249205616,
        -2.4622531939604952,
        1.8352631385758356
      ],
      "iau_roc_50": [
        10.666131000553975,
        14.613503855557642,
        25.903282004145243
      ],
      "dbc_roc_50": [
        -10.259014143535476,
        -6.184629376989537,
        -3.0080253605899556
      ],
      "vix_level": [
        32.60801105560111,
        44.46701781669572,
        53.93880237215196
      ],
      "vix_change_5": [
        -67.67673724656824,
        -16.36333532259875,
        66.68710898481683
      ],
      "vix_change_20": [
        -0.6337179957792608,
        47.01548023880009,
        163.94531801001798
      ],
      "spy_tlt_corr": [
        -0.42729175071152514,
        -0.3000357555139426,
        0.1472383236921828
      ],
      "iau_spy_corr": [
        -0.17958410674292616,
        0.11911930688009155,
        0.4128905449133126
      ],
      "spy_vs_200ema": [
        -26.44345929401356,
        -8.32949058194794,
        -0.9386907200531168
      ]
    },
    "sample_size": 39,
    "frequency_pct": 0.6337341566460838,
    "typical_duration_days": 2
  },
  "RISK_OFF_DEFLATIONARY": {
    "description": "RISK_OFF_DEFLATIONARY",
    "factors": {
      "spy_roc_50": [
        -23.04480888643942,
        -8.238835925740096,
        2.0458068869191166
      ],
      "tlt_roc_50": [
        5.891860358859167,
        10.962007668177055,
        21.873539818719404
      ],
      "iau_roc_50": [
        -6.557514543283043,
        4.669776517678459,
        16.63033735186351
      ],
      "dbc_roc_50": [
        -29.601875210654793,
        -10.878661087866103,
        8.176452932674371
      ],
      "vix_level": [
        27.49346976679508,
        31.82111410362083,
        75.54839838283223
      ],
      "vix_change_5": [
        -48.69839355613903,
        -11.394855048106256,
        53.87220867380002
      ],
      "vix_change_20": [
        -49.416271924600316,
        6.5202465376420715,
        197.18414732117142
      ],
      "spy_tlt_corr": [
        -0.8140910998591079,
        -0.5890348610760966,
        -0.48272220886204276
      ],
      "iau_spy_corr": [
        -0.4535207875671334,
        -0.11765160191089649,
        0.3492386826760196
      ],
      "spy_vs_200ema": [
        -22.75538241309021,
        -5.864597594792354,
        0.41168339051810465
      ]
    },
    "sample_size": 285,